Model,Accuracy (%),Precision (%),Recall (%),F1-Score (%),Training Time (s)
VGG16,78.55711422845691,75.74257425742574,48.113207547169814,58.84615384615385,1182.573150396347
ResNet50,76.75350701402806,77.56410256410257,38.05031446540881,51.0548523206751,1104.717110157013
RNN,75.35070140280561,69.14893617021278,40.88050314465409,51.38339920948617,1038.6346154212952
ANN,73.64729458917836,60.2996254681648,50.62893081761006,55.042735042735046,1022.7226593494415
Custom_CNN,68.13627254509018,0.0,0.0,0.0,702.6520161628723
EfficientNetB0,68.13627254509018,0.0,0.0,0.0,1126.2676696777344
